data_variant;dataset;mean_test_score;mean_train_score;param_learning_rate;param_max_depth;param_n_estimators;param_scale_pos_weight;params
_woe_scaled;3;0.853270945346551;0.9269557534498665;0.1;3;200;20;{'learning_rate': 0.1, 'max_depth': 3, 'n_estimators': 200, 'scale_pos_weight': 20}
_woe_scaled;2;0.8525902097514432;0.9141783566769557;0.01;5;600;20;{'learning_rate': 0.01, 'max_depth': 5, 'n_estimators': 600, 'scale_pos_weight': 20}
_woe_scaled;2;0.8521849158080944;0.9163030516497165;0.01;5;600;40;{'learning_rate': 0.01, 'max_depth': 5, 'n_estimators': 600, 'scale_pos_weight': 40}
_woe_scaled;2;0.8521832314269973;0.9221328791049874;0.1;3;200;20;{'learning_rate': 0.1, 'max_depth': 3, 'n_estimators': 200, 'scale_pos_weight': 20}
_scaled;2;0.8519753831329534;0.9214225357669927;0.1;3;200;20;{'learning_rate': 0.1, 'max_depth': 3, 'n_estimators': 200, 'scale_pos_weight': 20}
_scaled;2;0.8519745889945218;0.9134507099388299;0.01;5;600;20;{'learning_rate': 0.01, 'max_depth': 5, 'n_estimators': 600, 'scale_pos_weight': 20}
_woe_scaled;3;0.8519672294302586;0.9195829227161482;0.01;5;600;20;{'learning_rate': 0.01, 'max_depth': 5, 'n_estimators': 600, 'scale_pos_weight': 20}
_scaled;1;0.8519272781114655;0.9140129046970858;0.1;3;200;20;{'learning_rate': 0.1, 'max_depth': 3, 'n_estimators': 200, 'scale_pos_weight': 20}
_woe_scaled;1;0.8519080143458526;0.9137813893422115;0.1;3;200;20;{'learning_rate': 0.1, 'max_depth': 3, 'n_estimators': 200, 'scale_pos_weight': 20}
_scaled;3;0.8518801616854748;0.9186888354235051;0.01;5;600;20;{'learning_rate': 0.01, 'max_depth': 5, 'n_estimators': 600, 'scale_pos_weight': 20}
_scaled;3;0.8518339974560044;0.9277764187568192;0.1;3;200;20;{'learning_rate': 0.1, 'max_depth': 3, 'n_estimators': 200, 'scale_pos_weight': 20}
_scaled;2;0.8516804704176338;0.9156755195686599;0.01;5;600;40;{'learning_rate': 0.01, 'max_depth': 5, 'n_estimators': 600, 'scale_pos_weight': 40}
_scaled;1;0.8516778238298363;0.9071581865579041;0.01;5;600;20;{'learning_rate': 0.01, 'max_depth': 5, 'n_estimators': 600, 'scale_pos_weight': 20}
_woe_scaled;2;0.8515503144327771;0.9010900468615475;0.01;5;400;20;{'learning_rate': 0.01, 'max_depth': 5, 'n_estimators': 400, 'scale_pos_weight': 20}
_scaled;2;0.8515095815646471;0.8772640000536766;0.01;3;600;40;{'learning_rate': 0.01, 'max_depth': 3, 'n_estimators': 600, 'scale_pos_weight': 40}
_woe_scaled;1;0.8514007214337842;0.9158527031744931;0.1;3;200;40;{'learning_rate': 0.1, 'max_depth': 3, 'n_estimators': 200, 'scale_pos_weight': 40}
_scaled;2;0.8513329355107884;0.87880596929836;0.01;3;600;60;{'learning_rate': 0.01, 'max_depth': 3, 'n_estimators': 600, 'scale_pos_weight': 60}
_woe_scaled;2;0.8513128066081985;0.874651667442765;0.01;3;600;20;{'learning_rate': 0.01, 'max_depth': 3, 'n_estimators': 600, 'scale_pos_weight': 20}
_woe_scaled;2;0.8512967662173873;0.9029282945238846;0.01;5;400;40;{'learning_rate': 0.01, 'max_depth': 5, 'n_estimators': 400, 'scale_pos_weight': 40}
_woe_scaled;3;0.8512958500829014;0.929369114701594;0.1;3;200;40;{'learning_rate': 0.1, 'max_depth': 3, 'n_estimators': 200, 'scale_pos_weight': 40}
_scaled;2;0.8512851303879552;0.8746653172467372;0.01;3;600;20;{'learning_rate': 0.01, 'max_depth': 3, 'n_estimators': 600, 'scale_pos_weight': 20}
_woe_scaled;2;0.8512739681279367;0.877271863871782;0.01;3;600;40;{'learning_rate': 0.01, 'max_depth': 3, 'n_estimators': 600, 'scale_pos_weight': 40}
_scaled;1;0.8511718966378763;0.906890692178045;0.01;5;600;40;{'learning_rate': 0.01, 'max_depth': 5, 'n_estimators': 600, 'scale_pos_weight': 40}
_woe_scaled;2;0.8510848923937314;0.8787495125336865;0.01;3;600;60;{'learning_rate': 0.01, 'max_depth': 3, 'n_estimators': 600, 'scale_pos_weight': 60}
_woe_scaled;3;0.8510007784084322;0.9049470745629483;0.01;5;400;20;{'learning_rate': 0.01, 'max_depth': 5, 'n_estimators': 400, 'scale_pos_weight': 20}
_woe_scaled;1;0.8510003823029668;0.9073468668804706;0.01;5;600;20;{'learning_rate': 0.01, 'max_depth': 5, 'n_estimators': 600, 'scale_pos_weight': 20}
_woe_scaled;2;0.8509873875566265;0.9178860844177151;0.01;5;600;60;{'learning_rate': 0.01, 'max_depth': 5, 'n_estimators': 600, 'scale_pos_weight': 60}
_woe_scaled;2;0.8509452349679745;0.9231167799444225;0.1;3;200;40;{'learning_rate': 0.1, 'max_depth': 3, 'n_estimators': 200, 'scale_pos_weight': 40}
_woe_scaled;1;0.8509365824562352;0.9073829799345839;0.01;5;600;40;{'learning_rate': 0.01, 'max_depth': 5, 'n_estimators': 600, 'scale_pos_weight': 40}
_woe_scaled;3;0.8508619189937149;0.9207418762352472;0.01;5;600;40;{'learning_rate': 0.01, 'max_depth': 5, 'n_estimators': 600, 'scale_pos_weight': 40}
_scaled;3;0.8508273135868527;0.9207299160685863;0.01;5;600;40;{'learning_rate': 0.01, 'max_depth': 5, 'n_estimators': 600, 'scale_pos_weight': 40}
_woe_scaled;4;0.8507729075916428;0.9181896667435234;0.01;5;600;20;{'learning_rate': 0.01, 'max_depth': 5, 'n_estimators': 600, 'scale_pos_weight': 20}
_woe_scaled;4;0.8506904687427757;0.9190142867503347;0.01;5;600;40;{'learning_rate': 0.01, 'max_depth': 5, 'n_estimators': 600, 'scale_pos_weight': 40}
_scaled;4;0.8506723425666601;0.9171314980030685;0.01;5;600;20;{'learning_rate': 0.01, 'max_depth': 5, 'n_estimators': 600, 'scale_pos_weight': 20}
_scaled;3;0.8506703044334185;0.904330715434939;0.01;5;400;20;{'learning_rate': 0.01, 'max_depth': 5, 'n_estimators': 400, 'scale_pos_weight': 20}
_scaled;2;0.8506379758089909;0.9034207742343314;0.01;5;400;60;{'learning_rate': 0.01, 'max_depth': 5, 'n_estimators': 400, 'scale_pos_weight': 60}
_scaled;2;0.8505953011109024;0.9172315848144743;0.01;5;600;60;{'learning_rate': 0.01, 'max_depth': 5, 'n_estimators': 600, 'scale_pos_weight': 60}
_scaled;1;0.8505929866611083;0.8956976915393375;0.01;5;400;20;{'learning_rate': 0.01, 'max_depth': 5, 'n_estimators': 400, 'scale_pos_weight': 20}
_scaled;2;0.8505650204952975;0.922102343907199;0.1;3;200;40;{'learning_rate': 0.1, 'max_depth': 3, 'n_estimators': 200, 'scale_pos_weight': 40}
_scaled;2;0.850500969412417;0.9006101174704177;0.01;5;400;20;{'learning_rate': 0.01, 'max_depth': 5, 'n_estimators': 400, 'scale_pos_weight': 20}
_woe_scaled;1;0.8504020952490765;0.8958044338601935;0.01;5;400;40;{'learning_rate': 0.01, 'max_depth': 5, 'n_estimators': 400, 'scale_pos_weight': 40}
_scaled;3;0.8503989489231728;0.8753548525232574;0.01;3;600;20;{'learning_rate': 0.01, 'max_depth': 3, 'n_estimators': 600, 'scale_pos_weight': 20}
_scaled;3;0.85037679873854;0.8777553739364232;0.01;3;600;40;{'learning_rate': 0.01, 'max_depth': 3, 'n_estimators': 600, 'scale_pos_weight': 40}
_woe_scaled;3;0.8503655452296193;0.8755156050770858;0.01;3;600;20;{'learning_rate': 0.01, 'max_depth': 3, 'n_estimators': 600, 'scale_pos_weight': 20}
_scaled;3;0.8503641387731268;0.9058866185341508;0.01;5;400;40;{'learning_rate': 0.01, 'max_depth': 5, 'n_estimators': 400, 'scale_pos_weight': 40}
_woe_scaled;3;0.8503218091075428;0.8777620129637523;0.01;3;600;40;{'learning_rate': 0.01, 'max_depth': 3, 'n_estimators': 600, 'scale_pos_weight': 40}
_woe_scaled;4;0.8502924456293112;0.9046730748126034;0.01;5;400;40;{'learning_rate': 0.01, 'max_depth': 5, 'n_estimators': 400, 'scale_pos_weight': 40}
_woe_scaled;3;0.8502656796863652;0.8795123255657963;0.01;3;600;60;{'learning_rate': 0.01, 'max_depth': 3, 'n_estimators': 600, 'scale_pos_weight': 60}
_scaled;3;0.8502176876339821;0.8792904967615387;0.01;3;600;60;{'learning_rate': 0.01, 'max_depth': 3, 'n_estimators': 600, 'scale_pos_weight': 60}
_woe_scaled;2;0.8501721357280397;0.9042396190013905;0.01;5;400;60;{'learning_rate': 0.01, 'max_depth': 5, 'n_estimators': 400, 'scale_pos_weight': 60}
_scaled;2;0.8501590029626932;0.9023755379619076;0.01;5;400;40;{'learning_rate': 0.01, 'max_depth': 5, 'n_estimators': 400, 'scale_pos_weight': 40}
_woe_scaled;3;0.8501551741741409;0.9063304184097306;0.01;5;400;40;{'learning_rate': 0.01, 'max_depth': 5, 'n_estimators': 400, 'scale_pos_weight': 40}
_scaled;1;0.8501372119010489;0.8954791911233618;0.01;5;400;40;{'learning_rate': 0.01, 'max_depth': 5, 'n_estimators': 400, 'scale_pos_weight': 40}
_scaled;1;0.8501302930611482;0.9150562988957697;0.1;3;200;40;{'learning_rate': 0.1, 'max_depth': 3, 'n_estimators': 200, 'scale_pos_weight': 40}
_woe_scaled;2;0.8501095499074762;0.9245898853726051;0.1;3;200;60;{'learning_rate': 0.1, 'max_depth': 3, 'n_estimators': 200, 'scale_pos_weight': 60}
_woe_scaled;4;0.850091894342156;0.9205674125064567;0.01;5;600;60;{'learning_rate': 0.01, 'max_depth': 5, 'n_estimators': 600, 'scale_pos_weight': 60}
_woe_scaled;4;0.850045624005529;0.9037822790220712;0.01;5;400;20;{'learning_rate': 0.01, 'max_depth': 5, 'n_estimators': 400, 'scale_pos_weight': 20}
_scaled;4;0.8500247336685257;0.9033077052074558;0.01;5;400;20;{'learning_rate': 0.01, 'max_depth': 5, 'n_estimators': 400, 'scale_pos_weight': 20}
_scaled;4;0.8499804371136701;0.9180484027766566;0.01;5;600;40;{'learning_rate': 0.01, 'max_depth': 5, 'n_estimators': 600, 'scale_pos_weight': 40}
_woe_scaled;2;0.8496755153220098;0.9451428658188674;0.01;7;400;20;{'learning_rate': 0.01, 'max_depth': 7, 'n_estimators': 400, 'scale_pos_weight': 20}
_scaled;2;0.8496467606642009;0.9459563807272832;0.01;7;400;20;{'learning_rate': 0.01, 'max_depth': 7, 'n_estimators': 400, 'scale_pos_weight': 20}
_woe_scaled;4;0.8496381831909806;0.9044433176929659;0.01;5;400;60;{'learning_rate': 0.01, 'max_depth': 5, 'n_estimators': 400, 'scale_pos_weight': 60}
_scaled;4;0.8496080501225605;0.9039981562951312;0.01;5;400;60;{'learning_rate': 0.01, 'max_depth': 5, 'n_estimators': 400, 'scale_pos_weight': 60}
_woe_scaled;1;0.8495975488709563;0.8955316357654978;0.01;5;400;20;{'learning_rate': 0.01, 'max_depth': 5, 'n_estimators': 400, 'scale_pos_weight': 20}
_scaled;3;0.8494599800109505;0.9288958806425721;0.1;3;200;40;{'learning_rate': 0.1, 'max_depth': 3, 'n_estimators': 200, 'scale_pos_weight': 40}
_woe_scaled;1;0.8494098326461159;0.9095590698321331;0.01;5;600;60;{'learning_rate': 0.01, 'max_depth': 5, 'n_estimators': 600, 'scale_pos_weight': 60}
_scaled;4;0.849255704705755;0.9037748920597558;0.01;5;400;40;{'learning_rate': 0.01, 'max_depth': 5, 'n_estimators': 400, 'scale_pos_weight': 40}
_scaled;1;0.8492028034689633;0.8975010777489549;0.01;5;400;60;{'learning_rate': 0.01, 'max_depth': 5, 'n_estimators': 400, 'scale_pos_weight': 60}
_scaled;4;0.8491620892352328;0.9197624741552056;0.01;5;600;60;{'learning_rate': 0.01, 'max_depth': 5, 'n_estimators': 600, 'scale_pos_weight': 60}
_scaled;1;0.8491052753779798;0.9094903868868346;0.01;5;600;60;{'learning_rate': 0.01, 'max_depth': 5, 'n_estimators': 600, 'scale_pos_weight': 60}
_woe_scaled;3;0.8490652513124312;0.952634032720701;0.01;7;400;20;{'learning_rate': 0.01, 'max_depth': 7, 'n_estimators': 400, 'scale_pos_weight': 20}
_scaled;4;0.8489727043792789;0.9261247279250626;0.1;3;200;20;{'learning_rate': 0.1, 'max_depth': 3, 'n_estimators': 200, 'scale_pos_weight': 20}
_scaled;2;0.8489679330970499;0.9577167954571723;0.01;7;600;20;{'learning_rate': 0.01, 'max_depth': 7, 'n_estimators': 600, 'scale_pos_weight': 20}
_scaled;3;0.8488562177395025;0.9072825879987819;0.01;5;400;60;{'learning_rate': 0.01, 'max_depth': 5, 'n_estimators': 400, 'scale_pos_weight': 60}
_woe_scaled;3;0.848836267458495;0.9071735215466373;0.01;5;400;60;{'learning_rate': 0.01, 'max_depth': 5, 'n_estimators': 400, 'scale_pos_weight': 60}
_scaled;3;0.8488263777340543;0.9303068676149803;0.1;3;200;60;{'learning_rate': 0.1, 'max_depth': 3, 'n_estimators': 200, 'scale_pos_weight': 60}
_woe_scaled;1;0.8487388325322714;0.8738381167275316;0.01;3;600;40;{'learning_rate': 0.01, 'max_depth': 3, 'n_estimators': 600, 'scale_pos_weight': 40}
_scaled;4;0.8487290145350083;0.8744178403103519;0.01;3;600;20;{'learning_rate': 0.01, 'max_depth': 3, 'n_estimators': 600, 'scale_pos_weight': 20}
_woe_scaled;1;0.8487127344576264;0.9155728014520369;0.1;3;200;60;{'learning_rate': 0.1, 'max_depth': 3, 'n_estimators': 200, 'scale_pos_weight': 60}
_woe_scaled;1;0.8486968079998193;0.8968943233777283;0.01;5;400;60;{'learning_rate': 0.01, 'max_depth': 5, 'n_estimators': 400, 'scale_pos_weight': 60}
_scaled;4;0.8486957078512352;0.8766325312852352;0.01;3;600;40;{'learning_rate': 0.01, 'max_depth': 3, 'n_estimators': 600, 'scale_pos_weight': 40}
_woe_scaled;4;0.8486909822835109;0.8744623010939462;0.01;3;600;20;{'learning_rate': 0.01, 'max_depth': 3, 'n_estimators': 600, 'scale_pos_weight': 20}
_scaled;2;0.848689265552816;0.9244308350350309;0.1;3;200;60;{'learning_rate': 0.1, 'max_depth': 3, 'n_estimators': 200, 'scale_pos_weight': 60}
_woe_scaled;1;0.8486621364450028;0.8718260292074541;0.01;3;600;20;{'learning_rate': 0.01, 'max_depth': 3, 'n_estimators': 600, 'scale_pos_weight': 20}
_scaled;1;0.848622088783902;0.8717392099271476;0.01;3;600;20;{'learning_rate': 0.01, 'max_depth': 3, 'n_estimators': 600, 'scale_pos_weight': 20}
_woe_scaled;3;0.8486024648400432;0.9224680649322629;0.01;5;600;60;{'learning_rate': 0.01, 'max_depth': 5, 'n_estimators': 600, 'scale_pos_weight': 60}
_scaled;1;0.8485958977714505;0.9507050392551619;0.01;7;600;20;{'learning_rate': 0.01, 'max_depth': 7, 'n_estimators': 600, 'scale_pos_weight': 20}
_scaled;1;0.8485947723636346;0.8734122306124902;0.01;3;600;40;{'learning_rate': 0.01, 'max_depth': 3, 'n_estimators': 600, 'scale_pos_weight': 40}
_woe_scaled;4;0.8485848346784892;0.8766821978864049;0.01;3;600;40;{'learning_rate': 0.01, 'max_depth': 3, 'n_estimators': 600, 'scale_pos_weight': 40}
_woe_scaled;4;0.848572701103602;0.928020027837707;0.1;3;200;40;{'learning_rate': 0.1, 'max_depth': 3, 'n_estimators': 200, 'scale_pos_weight': 40}
_scaled;3;0.8484732035103455;0.9223818907910813;0.01;5;600;60;{'learning_rate': 0.01, 'max_depth': 5, 'n_estimators': 600, 'scale_pos_weight': 60}
_woe_scaled;4;0.8484379646697144;0.9263760246836723;0.1;3;200;20;{'learning_rate': 0.1, 'max_depth': 3, 'n_estimators': 200, 'scale_pos_weight': 20}
_scaled;1;0.8484311690986287;0.9361371785871174;0.01;7;400;40;{'learning_rate': 0.01, 'max_depth': 7, 'n_estimators': 400, 'scale_pos_weight': 40}
_scaled;4;0.848418137027614;0.8776335441973492;0.01;3;600;60;{'learning_rate': 0.01, 'max_depth': 3, 'n_estimators': 600, 'scale_pos_weight': 60}
_scaled;1;0.8483979927276057;0.9385821120972095;0.01;7;400;60;{'learning_rate': 0.01, 'max_depth': 7, 'n_estimators': 400, 'scale_pos_weight': 60}
_woe_scaled;3;0.8483922196577234;0.9304577062850358;0.1;3;200;60;{'learning_rate': 0.1, 'max_depth': 3, 'n_estimators': 200, 'scale_pos_weight': 60}
_woe_scaled;4;0.8483666715522769;0.8779120237857896;0.01;3;600;60;{'learning_rate': 0.01, 'max_depth': 3, 'n_estimators': 600, 'scale_pos_weight': 60}
_woe_scaled;2;0.8483018708374266;0.957925857325676;0.01;7;600;20;{'learning_rate': 0.01, 'max_depth': 7, 'n_estimators': 600, 'scale_pos_weight': 20}
_woe_scaled;3;0.8482844118062342;0.9664654609889309;0.01;7;600;20;{'learning_rate': 0.01, 'max_depth': 7, 'n_estimators': 600, 'scale_pos_weight': 20}
_scaled;3;0.8482554050797659;0.9530197457707;0.01;7;400;20;{'learning_rate': 0.01, 'max_depth': 7, 'n_estimators': 400, 'scale_pos_weight': 20}
_scaled;1;0.8482328586346962;0.874774694233491;0.01;3;600;60;{'learning_rate': 0.01, 'max_depth': 3, 'n_estimators': 600, 'scale_pos_weight': 60}
_woe_scaled;1;0.8482309709992498;0.8747634678136708;0.01;3;600;60;{'learning_rate': 0.01, 'max_depth': 3, 'n_estimators': 600, 'scale_pos_weight': 60}
_scaled;1;0.8482209615987271;0.9370841503071162;0.01;7;400;20;{'learning_rate': 0.01, 'max_depth': 7, 'n_estimators': 400, 'scale_pos_weight': 20}
_scaled;3;0.8482164708415226;0.953070824771472;0.01;7;400;40;{'learning_rate': 0.01, 'max_depth': 7, 'n_estimators': 400, 'scale_pos_weight': 40}
_scaled;1;0.8481697568754422;0.9500266109374262;0.1;3;400;20;{'learning_rate': 0.1, 'max_depth': 3, 'n_estimators': 400, 'scale_pos_weight': 20}
_woe_scaled;1;0.8481224269753979;0.9483357963938834;0.1;3;400;20;{'learning_rate': 0.1, 'max_depth': 3, 'n_estimators': 400, 'scale_pos_weight': 20}
_woe_scaled;1;0.8479174757229251;0.9516357553321385;0.01;7;600;20;{'learning_rate': 0.01, 'max_depth': 7, 'n_estimators': 600, 'scale_pos_weight': 20}
_woe_scaled;1;0.8478417265957918;0.9384515854125864;0.01;7;400;20;{'learning_rate': 0.01, 'max_depth': 7, 'n_estimators': 400, 'scale_pos_weight': 20}
_woe_scaled;4;0.8478112894362496;0.9513578437026546;0.01;7;400;20;{'learning_rate': 0.01, 'max_depth': 7, 'n_estimators': 400, 'scale_pos_weight': 20}
_scaled;2;0.8477299681451621;0.8679668593777615;0.01;3;400;60;{'learning_rate': 0.01, 'max_depth': 3, 'n_estimators': 400, 'scale_pos_weight': 60}
_scaled;4;0.8476789250311808;0.928063755978706;0.1;3;200;40;{'learning_rate': 0.1, 'max_depth': 3, 'n_estimators': 200, 'scale_pos_weight': 40}
_scaled;4;0.8476633409920463;0.9284174981942676;0.1;3;200;60;{'learning_rate': 0.1, 'max_depth': 3, 'n_estimators': 200, 'scale_pos_weight': 60}
_scaled;3;0.8476399938020226;0.9668595518738797;0.01;7;600;20;{'learning_rate': 0.01, 'max_depth': 7, 'n_estimators': 600, 'scale_pos_weight': 20}
_woe_scaled;2;0.8476348439940943;0.8683688329983493;0.01;3;400;60;{'learning_rate': 0.01, 'max_depth': 3, 'n_estimators': 400, 'scale_pos_weight': 60}
_scaled;1;0.8475710825967833;0.9487750412141757;0.01;7;600;40;{'learning_rate': 0.01, 'max_depth': 7, 'n_estimators': 600, 'scale_pos_weight': 40}
_woe_scaled;2;0.8475461349590973;0.889531455928728;0.01;5;200;60;{'learning_rate': 0.01, 'max_depth': 5, 'n_estimators': 200, 'scale_pos_weight': 60}
_woe_scaled;1;0.8474678014724979;0.9392983719439391;0.01;7;400;60;{'learning_rate': 0.01, 'max_depth': 7, 'n_estimators': 400, 'scale_pos_weight': 60}
_woe_scaled;2;0.8472961574901091;0.8889600879206419;0.01;5;200;40;{'learning_rate': 0.01, 'max_depth': 5, 'n_estimators': 200, 'scale_pos_weight': 40}
_scaled;2;0.8472801080223903;0.9431796070208023;0.01;7;400;40;{'learning_rate': 0.01, 'max_depth': 7, 'n_estimators': 400, 'scale_pos_weight': 40}
_scaled;3;0.8471767105594668;0.9655161117289675;0.01;7;600;40;{'learning_rate': 0.01, 'max_depth': 7, 'n_estimators': 600, 'scale_pos_weight': 40}
_woe_scaled;3;0.8471649283063478;0.8909402682622248;0.01;5;200;20;{'learning_rate': 0.01, 'max_depth': 5, 'n_estimators': 200, 'scale_pos_weight': 20}
_woe_scaled;3;0.847156289936325;0.9531391462309955;0.01;7;400;40;{'learning_rate': 0.01, 'max_depth': 7, 'n_estimators': 400, 'scale_pos_weight': 40}
_scaled;3;0.8471442162778077;0.9346661508607159;0.01;7;200;60;{'learning_rate': 0.01, 'max_depth': 7, 'n_estimators': 200, 'scale_pos_weight': 60}
_woe_scaled;1;0.8471394561411837;0.9366819215778758;0.01;7;400;40;{'learning_rate': 0.01, 'max_depth': 7, 'n_estimators': 400, 'scale_pos_weight': 40}
_scaled;2;0.847110563784052;0.8657987080595957;0.01;3;400;40;{'learning_rate': 0.01, 'max_depth': 3, 'n_estimators': 400, 'scale_pos_weight': 40}
_scaled;1;0.8471095811143174;0.9173944762444517;0.1;3;200;60;{'learning_rate': 0.1, 'max_depth': 3, 'n_estimators': 200, 'scale_pos_weight': 60}
_scaled;3;0.8470699466102468;0.953575035765644;0.01;7;400;60;{'learning_rate': 0.01, 'max_depth': 7, 'n_estimators': 400, 'scale_pos_weight': 60}
_woe_scaled;2;0.8470403802936777;0.8661598523958526;0.01;3;400;40;{'learning_rate': 0.01, 'max_depth': 3, 'n_estimators': 400, 'scale_pos_weight': 40}
_scaled;2;0.8470306326751514;0.9458190409014007;0.01;7;400;60;{'learning_rate': 0.01, 'max_depth': 7, 'n_estimators': 400, 'scale_pos_weight': 60}
_scaled;3;0.8470224953606547;0.8679620672256619;0.01;3;400;60;{'learning_rate': 0.01, 'max_depth': 3, 'n_estimators': 400, 'scale_pos_weight': 60}
_woe_scaled;4;0.8470173437025998;0.9648620338141646;0.01;7;600;20;{'learning_rate': 0.01, 'max_depth': 7, 'n_estimators': 600, 'scale_pos_weight': 20}
_scaled;2;0.8469832218940043;0.9352073195469351;0.01;7;200;20;{'learning_rate': 0.01, 'max_depth': 7, 'n_estimators': 200, 'scale_pos_weight': 20}
_woe_scaled;3;0.8469227108206684;0.8682313775866395;0.01;3;400;60;{'learning_rate': 0.01, 'max_depth': 3, 'n_estimators': 400, 'scale_pos_weight': 60}
_scaled;2;0.8469034763384793;0.9286228614982912;0.01;7;200;60;{'learning_rate': 0.01, 'max_depth': 7, 'n_estimators': 200, 'scale_pos_weight': 60}
_woe_scaled;2;0.8468729274634236;0.9329953534358078;0.01;7;200;20;{'learning_rate': 0.01, 'max_depth': 7, 'n_estimators': 200, 'scale_pos_weight': 20}
_woe_scaled;4;0.8468432957268808;0.9272658065734802;0.1;3;200;60;{'learning_rate': 0.1, 'max_depth': 3, 'n_estimators': 200, 'scale_pos_weight': 60}
_woe_scaled;4;0.846797948616486;0.9532732146854529;0.01;7;400;60;{'learning_rate': 0.01, 'max_depth': 7, 'n_estimators': 400, 'scale_pos_weight': 60}
_woe_scaled;1;0.8467621898585231;0.9489955036656057;0.1;3;400;40;{'learning_rate': 0.1, 'max_depth': 3, 'n_estimators': 400, 'scale_pos_weight': 40}
_scaled;4;0.846746119023984;0.9516941075501331;0.01;7;400;60;{'learning_rate': 0.01, 'max_depth': 7, 'n_estimators': 400, 'scale_pos_weight': 60}
_woe_scaled;2;0.8467358192185355;0.9446019462575203;0.01;7;400;40;{'learning_rate': 0.01, 'max_depth': 7, 'n_estimators': 400, 'scale_pos_weight': 40}
_woe_scaled;3;0.8465960289014486;0.8911188891231818;0.01;5;200;40;{'learning_rate': 0.01, 'max_depth': 5, 'n_estimators': 200, 'scale_pos_weight': 40}
_woe_scaled;2;0.8465599133636444;0.8628999031709229;0.01;3;400;20;{'learning_rate': 0.01, 'max_depth': 3, 'n_estimators': 400, 'scale_pos_weight': 20}
_scaled;1;0.846544601532656;0.8822161706349956;0.01;5;200;40;{'learning_rate': 0.01, 'max_depth': 5, 'n_estimators': 200, 'scale_pos_weight': 40}
_scaled;2;0.8465413481270363;0.9292481930834396;0.01;7;200;40;{'learning_rate': 0.01, 'max_depth': 7, 'n_estimators': 200, 'scale_pos_weight': 40}
_scaled;4;0.8465401738791144;0.9489369972348453;0.01;7;400;20;{'learning_rate': 0.01, 'max_depth': 7, 'n_estimators': 400, 'scale_pos_weight': 20}
_woe_scaled;2;0.8465318639214572;0.8892923325884584;0.01;5;200;20;{'learning_rate': 0.01, 'max_depth': 5, 'n_estimators': 200, 'scale_pos_weight': 20}
_woe_scaled;3;0.8465129341197728;0.9345325118515978;0.01;7;200;60;{'learning_rate': 0.01, 'max_depth': 7, 'n_estimators': 200, 'scale_pos_weight': 60}
_woe_scaled;1;0.8464675296559951;0.9239066396387478;0.01;7;200;40;{'learning_rate': 0.01, 'max_depth': 7, 'n_estimators': 200, 'scale_pos_weight': 40}
_woe_scaled;3;0.8464562115509728;0.8659961385109307;0.01;3;400;40;{'learning_rate': 0.01, 'max_depth': 3, 'n_estimators': 400, 'scale_pos_weight': 40}
_woe_scaled;3;0.8464512546364413;0.8903616294591575;0.01;5;200;60;{'learning_rate': 0.01, 'max_depth': 5, 'n_estimators': 200, 'scale_pos_weight': 60}
_scaled;1;0.846412337292108;0.9234272044721538;0.01;7;200;40;{'learning_rate': 0.01, 'max_depth': 7, 'n_estimators': 200, 'scale_pos_weight': 40}
_woe_scaled;4;0.8464114645461962;0.95011316620361;0.01;7;400;40;{'learning_rate': 0.01, 'max_depth': 7, 'n_estimators': 400, 'scale_pos_weight': 40}
_scaled;2;0.8463922661612558;0.8881660728217285;0.01;5;200;40;{'learning_rate': 0.01, 'max_depth': 5, 'n_estimators': 200, 'scale_pos_weight': 40}
_woe_scaled;1;0.8463761050559253;0.9235096429555775;0.01;7;200;60;{'learning_rate': 0.01, 'max_depth': 7, 'n_estimators': 200, 'scale_pos_weight': 60}
_scaled;1;0.8463751280190499;0.8836381983183555;0.01;5;200;60;{'learning_rate': 0.01, 'max_depth': 5, 'n_estimators': 200, 'scale_pos_weight': 60}
_scaled;4;0.8463644289341025;0.9634693573024661;0.01;7;600;20;{'learning_rate': 0.01, 'max_depth': 7, 'n_estimators': 600, 'scale_pos_weight': 20}
_scaled;3;0.8463453515262118;0.8905578808444569;0.01;5;200;20;{'learning_rate': 0.01, 'max_depth': 5, 'n_estimators': 200, 'scale_pos_weight': 20}
_scaled;1;0.8463383236013629;0.9226674350084867;0.01;7;200;60;{'learning_rate': 0.01, 'max_depth': 7, 'n_estimators': 200, 'scale_pos_weight': 60}
_scaled;3;0.8463369291978455;0.8655303955557212;0.01;3;400;40;{'learning_rate': 0.01, 'max_depth': 3, 'n_estimators': 400, 'scale_pos_weight': 40}
_scaled;1;0.8462967367085643;0.9507782705211802;0.01;7;600;60;{'learning_rate': 0.01, 'max_depth': 7, 'n_estimators': 600, 'scale_pos_weight': 60}
_scaled;2;0.8462934097910415;0.8889244441324166;0.01;5;200;20;{'learning_rate': 0.01, 'max_depth': 5, 'n_estimators': 200, 'scale_pos_weight': 20}
_woe_scaled;3;0.8462867667334398;0.9393165717147988;0.01;7;200;20;{'learning_rate': 0.01, 'max_depth': 7, 'n_estimators': 200, 'scale_pos_weight': 20}
_woe_scaled;1;0.8462735649981067;0.8823091974733072;0.01;5;200;40;{'learning_rate': 0.01, 'max_depth': 5, 'n_estimators': 200, 'scale_pos_weight': 40}
_woe_scaled;1;0.846223310287363;0.9479858163270126;0.01;7;600;40;{'learning_rate': 0.01, 'max_depth': 7, 'n_estimators': 600, 'scale_pos_weight': 40}
_scaled;2;0.8462198513357093;0.8626918494049635;0.01;3;400;20;{'learning_rate': 0.01, 'max_depth': 3, 'n_estimators': 400, 'scale_pos_weight': 20}
_woe_scaled;3;0.846130709017777;0.9544314211353147;0.01;7;400;60;{'learning_rate': 0.01, 'max_depth': 7, 'n_estimators': 400, 'scale_pos_weight': 60}
_woe_scaled;1;0.84612680342916;0.9510829251666957;0.01;7;600;60;{'learning_rate': 0.01, 'max_depth': 7, 'n_estimators': 600, 'scale_pos_weight': 60}
_woe_scaled;3;0.8461215429532474;0.9661418880685098;0.1;3;400;20;{'learning_rate': 0.1, 'max_depth': 3, 'n_estimators': 400, 'scale_pos_weight': 20}
_scaled;2;0.8461129647935713;0.8888342463188829;0.01;5;200;60;{'learning_rate': 0.01, 'max_depth': 5, 'n_estimators': 200, 'scale_pos_weight': 60}
_scaled;3;0.8459791769274649;0.8901202119406918;0.01;5;200;40;{'learning_rate': 0.01, 'max_depth': 5, 'n_estimators': 200, 'scale_pos_weight': 40}
_scaled;4;0.8459577468607894;0.949932571753125;0.01;7;400;40;{'learning_rate': 0.01, 'max_depth': 7, 'n_estimators': 400, 'scale_pos_weight': 40}
_woe_scaled;4;0.8459436889394273;0.8880582089811951;0.01;5;200;60;{'learning_rate': 0.01, 'max_depth': 5, 'n_estimators': 200, 'scale_pos_weight': 60}
_scaled;4;0.84593590693773;0.8873167749320602;0.01;5;200;60;{'learning_rate': 0.01, 'max_depth': 5, 'n_estimators': 200, 'scale_pos_weight': 60}
_woe_scaled;3;0.8458639877338658;0.8628852265808368;0.01;3;400;20;{'learning_rate': 0.01, 'max_depth': 3, 'n_estimators': 400, 'scale_pos_weight': 20}
_scaled;1;0.8457814333316332;0.9484844702637859;0.1;3;400;40;{'learning_rate': 0.1, 'max_depth': 3, 'n_estimators': 400, 'scale_pos_weight': 40}
_woe_scaled;1;0.8457508004178518;0.8833431918497311;0.01;5;200;60;{'learning_rate': 0.01, 'max_depth': 5, 'n_estimators': 200, 'scale_pos_weight': 60}
_scaled;3;0.8457234777314812;0.8626024416977218;0.01;3;400;20;{'learning_rate': 0.01, 'max_depth': 3, 'n_estimators': 400, 'scale_pos_weight': 20}
_woe_scaled;4;0.8456795646872307;0.8880321619642614;0.01;5;200;40;{'learning_rate': 0.01, 'max_depth': 5, 'n_estimators': 200, 'scale_pos_weight': 40}
_scaled;3;0.8455800287706066;0.9360274095132226;0.01;7;200;40;{'learning_rate': 0.01, 'max_depth': 7, 'n_estimators': 200, 'scale_pos_weight': 40}
_woe_scaled;2;0.8455585256130232;0.928837110158713;0.01;7;200;60;{'learning_rate': 0.01, 'max_depth': 7, 'n_estimators': 200, 'scale_pos_weight': 60}
_woe_scaled;4;0.8455464072925089;0.8668730633821583;0.01;3;400;60;{'learning_rate': 0.01, 'max_depth': 3, 'n_estimators': 400, 'scale_pos_weight': 60}
_scaled;3;0.8455419682255889;0.8906070451888359;0.01;5;200;60;{'learning_rate': 0.01, 'max_depth': 5, 'n_estimators': 200, 'scale_pos_weight': 60}
_woe_scaled;3;0.8455101871435561;0.9662899650971362;0.01;7;600;40;{'learning_rate': 0.01, 'max_depth': 7, 'n_estimators': 600, 'scale_pos_weight': 40}
_woe_scaled;4;0.8454968535304067;0.9641377653315136;0.01;7;600;40;{'learning_rate': 0.01, 'max_depth': 7, 'n_estimators': 600, 'scale_pos_weight': 40}
_scaled;4;0.8454792698174839;0.8664295943413364;0.01;3;400;60;{'learning_rate': 0.01, 'max_depth': 3, 'n_estimators': 400, 'scale_pos_weight': 60}
_woe_scaled;4;0.8454462067534164;0.935113650805223;0.01;7;200;60;{'learning_rate': 0.01, 'max_depth': 7, 'n_estimators': 200, 'scale_pos_weight': 60}
_woe_scaled;2;0.8454229742625912;0.9463265970819336;0.01;7;400;60;{'learning_rate': 0.01, 'max_depth': 7, 'n_estimators': 400, 'scale_pos_weight': 60}
_scaled;1;0.8454090853364478;0.9282170110634466;0.01;7;200;20;{'learning_rate': 0.01, 'max_depth': 7, 'n_estimators': 200, 'scale_pos_weight': 20}
_woe_scaled;4;0.8453527728132065;0.8652062644392596;0.01;3;400;40;{'learning_rate': 0.01, 'max_depth': 3, 'n_estimators': 400, 'scale_pos_weight': 40}
_scaled;4;0.8453391181454352;0.8871191773253108;0.01;5;200;40;{'learning_rate': 0.01, 'max_depth': 5, 'n_estimators': 200, 'scale_pos_weight': 40}
_scaled;1;0.8452911895537327;0.8649011024380392;0.01;3;400;60;{'learning_rate': 0.01, 'max_depth': 3, 'n_estimators': 400, 'scale_pos_weight': 60}
_woe_scaled;2;0.8452848667667001;0.9306897488522378;0.01;7;200;40;{'learning_rate': 0.01, 'max_depth': 7, 'n_estimators': 200, 'scale_pos_weight': 40}
_scaled;4;0.8452755849801908;0.8648632725694423;0.01;3;400;40;{'learning_rate': 0.01, 'max_depth': 3, 'n_estimators': 400, 'scale_pos_weight': 40}
_scaled;2;0.8452613969010879;0.9556194206544476;0.01;7;600;40;{'learning_rate': 0.01, 'max_depth': 7, 'n_estimators': 600, 'scale_pos_weight': 40}
_scaled;3;0.845175548298812;0.9663769644830579;0.01;7;600;60;{'learning_rate': 0.01, 'max_depth': 7, 'n_estimators': 600, 'scale_pos_weight': 60}
_woe_scaled;1;0.8451277935941134;0.8637066129616461;0.01;3;400;40;{'learning_rate': 0.01, 'max_depth': 3, 'n_estimators': 400, 'scale_pos_weight': 40}
_woe_scaled;1;0.8450857328777934;0.8651625167147147;0.01;3;400;60;{'learning_rate': 0.01, 'max_depth': 3, 'n_estimators': 400, 'scale_pos_weight': 60}
_scaled;4;0.8450804290099123;0.9346138509744137;0.01;7;200;60;{'learning_rate': 0.01, 'max_depth': 7, 'n_estimators': 200, 'scale_pos_weight': 60}
_scaled;2;0.8450766533863396;0.9587355474811047;0.01;7;600;60;{'learning_rate': 0.01, 'max_depth': 7, 'n_estimators': 600, 'scale_pos_weight': 60}
_scaled;1;0.8450248333464364;0.8631629020095092;0.01;3;400;40;{'learning_rate': 0.01, 'max_depth': 3, 'n_estimators': 400, 'scale_pos_weight': 40}
_scaled;1;0.8450020255697708;0.8831391861418941;0.01;5;200;20;{'learning_rate': 0.01, 'max_depth': 5, 'n_estimators': 200, 'scale_pos_weight': 20}
_woe_scaled;4;0.8449051935215898;0.8892055851191185;0.01;5;200;20;{'learning_rate': 0.01, 'max_depth': 5, 'n_estimators': 200, 'scale_pos_weight': 20}
_scaled;4;0.8448677284584053;0.888512022042185;0.01;5;200;20;{'learning_rate': 0.01, 'max_depth': 5, 'n_estimators': 200, 'scale_pos_weight': 20}
_woe_scaled;1;0.8448540513461507;0.8833789440186982;0.01;5;200;20;{'learning_rate': 0.01, 'max_depth': 5, 'n_estimators': 200, 'scale_pos_weight': 20}
_woe_scaled;3;0.8447940135313773;0.9349200009911515;0.01;7;200;40;{'learning_rate': 0.01, 'max_depth': 7, 'n_estimators': 200, 'scale_pos_weight': 40}
_woe_scaled;2;0.8447706057404778;0.9558996070776157;0.01;7;600;40;{'learning_rate': 0.01, 'max_depth': 7, 'n_estimators': 600, 'scale_pos_weight': 40}
_scaled;3;0.8447450610629907;0.9402856868163051;0.01;7;200;20;{'learning_rate': 0.01, 'max_depth': 7, 'n_estimators': 200, 'scale_pos_weight': 20}
_woe_scaled;4;0.8446859108365882;0.9355071793737202;0.01;7;200;40;{'learning_rate': 0.01, 'max_depth': 7, 'n_estimators': 200, 'scale_pos_weight': 40}
_scaled;4;0.8444595669383884;0.9634234727981755;0.01;7;600;40;{'learning_rate': 0.01, 'max_depth': 7, 'n_estimators': 600, 'scale_pos_weight': 40}
_woe_scaled;1;0.8443962671706248;0.9288993846445526;0.01;7;200;20;{'learning_rate': 0.01, 'max_depth': 7, 'n_estimators': 200, 'scale_pos_weight': 20}
_scaled;4;0.8443617605624245;0.9345757168029952;0.01;7;200;40;{'learning_rate': 0.01, 'max_depth': 7, 'n_estimators': 200, 'scale_pos_weight': 40}
_woe_scaled;4;0.8442251872243864;0.8620407716085651;0.01;3;400;20;{'learning_rate': 0.01, 'max_depth': 3, 'n_estimators': 400, 'scale_pos_weight': 20}
_scaled;1;0.8441915112449933;0.8604010892809928;0.01;3;400;20;{'learning_rate': 0.01, 'max_depth': 3, 'n_estimators': 400, 'scale_pos_weight': 20}
_scaled;4;0.8441850447203755;0.9652246323315167;0.01;7;600;60;{'learning_rate': 0.01, 'max_depth': 7, 'n_estimators': 600, 'scale_pos_weight': 60}
_scaled;4;0.8441441991121295;0.8617540598585078;0.01;3;400;20;{'learning_rate': 0.01, 'max_depth': 3, 'n_estimators': 400, 'scale_pos_weight': 20}
_woe_scaled;4;0.8440523708019629;0.939621868745232;0.01;7;200;20;{'learning_rate': 0.01, 'max_depth': 7, 'n_estimators': 200, 'scale_pos_weight': 20}
_woe_scaled;3;0.8440090424859948;0.9678662294293933;0.01;7;600;60;{'learning_rate': 0.01, 'max_depth': 7, 'n_estimators': 600, 'scale_pos_weight': 60}
_woe_scaled;2;0.8440026674870267;0.9570178661909465;0.1;3;400;20;{'learning_rate': 0.1, 'max_depth': 3, 'n_estimators': 400, 'scale_pos_weight': 20}
_woe_scaled;4;0.84399547004219;0.9666417686938815;0.01;7;600;60;{'learning_rate': 0.01, 'max_depth': 7, 'n_estimators': 600, 'scale_pos_weight': 60}
_woe_scaled;1;0.8439748186717708;0.860678692049893;0.01;3;400;20;{'learning_rate': 0.01, 'max_depth': 3, 'n_estimators': 400, 'scale_pos_weight': 20}
_scaled;3;0.8435200735717044;0.9659266452684151;0.1;3;400;20;{'learning_rate': 0.1, 'max_depth': 3, 'n_estimators': 400, 'scale_pos_weight': 20}
_woe_scaled;1;0.8435198184109252;0.9480139260166478;0.1;3;400;60;{'learning_rate': 0.1, 'max_depth': 3, 'n_estimators': 400, 'scale_pos_weight': 60}
_woe_scaled;2;0.8433842894442398;0.9587811416179058;0.01;7;600;60;{'learning_rate': 0.01, 'max_depth': 7, 'n_estimators': 600, 'scale_pos_weight': 60}
_scaled;4;0.8426587392404498;0.9373883709091663;0.01;7;200;20;{'learning_rate': 0.01, 'max_depth': 7, 'n_estimators': 200, 'scale_pos_weight': 20}
_scaled;1;0.8425960508530805;0.9483290162318827;0.1;3;400;60;{'learning_rate': 0.1, 'max_depth': 3, 'n_estimators': 400, 'scale_pos_weight': 60}
_woe_scaled;1;0.8425908999511355;0.9676145080830124;0.1;3;600;20;{'learning_rate': 0.1, 'max_depth': 3, 'n_estimators': 600, 'scale_pos_weight': 20}
_scaled;2;0.8425184721154683;0.9561733637690978;0.1;3;400;40;{'learning_rate': 0.1, 'max_depth': 3, 'n_estimators': 400, 'scale_pos_weight': 40}
_scaled;2;0.8424772172897186;0.9565056187437609;0.1;3;400;20;{'learning_rate': 0.1, 'max_depth': 3, 'n_estimators': 400, 'scale_pos_weight': 20}
_woe_scaled;2;0.8420907673587252;0.9553285095841693;0.1;3;400;40;{'learning_rate': 0.1, 'max_depth': 3, 'n_estimators': 400, 'scale_pos_weight': 40}
_scaled;1;0.842054518094397;0.9753964571081952;0.1;5;200;20;{'learning_rate': 0.1, 'max_depth': 5, 'n_estimators': 200, 'scale_pos_weight': 20}
_scaled;3;0.8420446197497682;0.9653190602089271;0.1;3;400;40;{'learning_rate': 0.1, 'max_depth': 3, 'n_estimators': 400, 'scale_pos_weight': 40}
_woe_scaled;1;0.8419390623488027;0.9776597934741148;0.1;5;200;20;{'learning_rate': 0.1, 'max_depth': 5, 'n_estimators': 200, 'scale_pos_weight': 20}
_woe_scaled;3;0.8419387216632178;0.9650732663706943;0.1;3;400;40;{'learning_rate': 0.1, 'max_depth': 3, 'n_estimators': 400, 'scale_pos_weight': 40}
_scaled;1;0.8418971993402687;0.9682994560291668;0.1;3;600;20;{'learning_rate': 0.1, 'max_depth': 3, 'n_estimators': 600, 'scale_pos_weight': 20}
_scaled;4;0.841890564056588;0.9629924767300285;0.1;3;400;20;{'learning_rate': 0.1, 'max_depth': 3, 'n_estimators': 400, 'scale_pos_weight': 20}
_woe_scaled;2;0.8412152424235485;0.9554704916497396;0.1;3;400;60;{'learning_rate': 0.1, 'max_depth': 3, 'n_estimators': 400, 'scale_pos_weight': 60}
_woe_scaled;3;0.8411098668748719;0.965018294621029;0.1;3;400;60;{'learning_rate': 0.1, 'max_depth': 3, 'n_estimators': 400, 'scale_pos_weight': 60}
_woe_scaled;3;0.8409895227046114;0.9884614735244179;0.1;5;200;20;{'learning_rate': 0.1, 'max_depth': 5, 'n_estimators': 200, 'scale_pos_weight': 20}
_woe_scaled;1;0.8409137628026424;0.975287564986537;0.1;5;200;40;{'learning_rate': 0.1, 'max_depth': 5, 'n_estimators': 200, 'scale_pos_weight': 40}
_scaled;2;0.8406681818293309;0.9560786966515109;0.1;3;400;60;{'learning_rate': 0.1, 'max_depth': 3, 'n_estimators': 400, 'scale_pos_weight': 60}
_scaled;3;0.8406559951670688;0.9882016577368261;0.1;5;200;20;{'learning_rate': 0.1, 'max_depth': 5, 'n_estimators': 200, 'scale_pos_weight': 20}
_scaled;1;0.8406365616024077;0.9673722665808207;0.1;3;600;40;{'learning_rate': 0.1, 'max_depth': 3, 'n_estimators': 600, 'scale_pos_weight': 40}
_woe_scaled;1;0.8406216448774638;0.9670736426862513;0.1;3;600;40;{'learning_rate': 0.1, 'max_depth': 3, 'n_estimators': 600, 'scale_pos_weight': 40}
_scaled;1;0.8405392588372286;0.9763888888109232;0.1;5;200;40;{'learning_rate': 0.1, 'max_depth': 5, 'n_estimators': 200, 'scale_pos_weight': 40}
_woe_scaled;4;0.8402216544938902;0.9638549879953976;0.1;3;400;20;{'learning_rate': 0.1, 'max_depth': 3, 'n_estimators': 400, 'scale_pos_weight': 20}
_woe_scaled;2;0.8402032584483021;0.9795417347147423;0.1;5;200;20;{'learning_rate': 0.1, 'max_depth': 5, 'n_estimators': 200, 'scale_pos_weight': 20}
_scaled;3;0.8401100216282388;0.9646979402395482;0.1;3;400;60;{'learning_rate': 0.1, 'max_depth': 3, 'n_estimators': 400, 'scale_pos_weight': 60}
_woe_scaled;1;0.8395520948897089;0.9665886213885816;0.1;3;600;60;{'learning_rate': 0.1, 'max_depth': 3, 'n_estimators': 600, 'scale_pos_weight': 60}
_woe_scaled;2;0.8394560906310856;0.8516601169497884;0.01;3;200;40;{'learning_rate': 0.01, 'max_depth': 3, 'n_estimators': 200, 'scale_pos_weight': 40}
_woe_scaled;3;0.8394484027561446;0.9831736822759446;0.1;3;600;20;{'learning_rate': 0.1, 'max_depth': 3, 'n_estimators': 600, 'scale_pos_weight': 20}
_scaled;4;0.8394083698738749;0.963810518949419;0.1;3;400;40;{'learning_rate': 0.1, 'max_depth': 3, 'n_estimators': 400, 'scale_pos_weight': 40}
_woe_scaled;2;0.8392411198793759;0.8519140534627109;0.01;3;200;60;{'learning_rate': 0.01, 'max_depth': 3, 'n_estimators': 200, 'scale_pos_weight': 60}
_scaled;2;0.8391701324669545;0.8508926985628703;0.01;3;200;40;{'learning_rate': 0.01, 'max_depth': 3, 'n_estimators': 200, 'scale_pos_weight': 40}
_scaled;2;0.8389851941660162;0.979580847106492;0.1;5;200;20;{'learning_rate': 0.1, 'max_depth': 5, 'n_estimators': 200, 'scale_pos_weight': 20}
_scaled;2;0.838979223186598;0.8513449765288845;0.01;3;200;60;{'learning_rate': 0.01, 'max_depth': 3, 'n_estimators': 200, 'scale_pos_weight': 60}
_scaled;4;0.8389045249072745;0.9866757514994146;0.1;5;200;20;{'learning_rate': 0.1, 'max_depth': 5, 'n_estimators': 200, 'scale_pos_weight': 20}
_woe_scaled;2;0.8388604696412002;0.8509515197804555;0.01;3;200;20;{'learning_rate': 0.01, 'max_depth': 3, 'n_estimators': 200, 'scale_pos_weight': 20}
_scaled;4;0.838623588153474;0.9639297495358035;0.1;3;400;60;{'learning_rate': 0.1, 'max_depth': 3, 'n_estimators': 400, 'scale_pos_weight': 60}
_scaled;3;0.8386183904324144;0.9886754960320215;0.1;5;200;40;{'learning_rate': 0.1, 'max_depth': 5, 'n_estimators': 200, 'scale_pos_weight': 40}
_woe_scaled;3;0.8385632322770302;0.8515515644027162;0.01;3;200;60;{'learning_rate': 0.01, 'max_depth': 3, 'n_estimators': 200, 'scale_pos_weight': 60}
_woe_scaled;3;0.8384258962121633;0.8511151713263948;0.01;3;200;40;{'learning_rate': 0.01, 'max_depth': 3, 'n_estimators': 200, 'scale_pos_weight': 40}
_woe_scaled;4;0.8384157735606912;0.9620528698225814;0.1;3;400;60;{'learning_rate': 0.1, 'max_depth': 3, 'n_estimators': 400, 'scale_pos_weight': 60}
_scaled;3;0.8384070525364206;0.8508139408218091;0.01;3;200;40;{'learning_rate': 0.01, 'max_depth': 3, 'n_estimators': 200, 'scale_pos_weight': 40}
_scaled;3;0.8382772344722677;0.8509071756231551;0.01;3;200;60;{'learning_rate': 0.01, 'max_depth': 3, 'n_estimators': 200, 'scale_pos_weight': 60}
_scaled;2;0.8382108423117379;0.8503221001169231;0.01;3;200;20;{'learning_rate': 0.01, 'max_depth': 3, 'n_estimators': 200, 'scale_pos_weight': 20}
_woe_scaled;4;0.837961586169727;0.9868929814502624;0.1;5;200;20;{'learning_rate': 0.1, 'max_depth': 5, 'n_estimators': 200, 'scale_pos_weight': 20}
_woe_scaled;2;0.8379403724093338;0.9735786789948823;0.1;3;600;20;{'learning_rate': 0.1, 'max_depth': 3, 'n_estimators': 600, 'scale_pos_weight': 20}
_woe_scaled;4;0.8377445605385699;0.9636793980708531;0.1;3;400;40;{'learning_rate': 0.1, 'max_depth': 3, 'n_estimators': 400, 'scale_pos_weight': 40}
_woe_scaled;2;0.8375823029067081;0.979286914049613;0.1;5;200;40;{'learning_rate': 0.1, 'max_depth': 5, 'n_estimators': 200, 'scale_pos_weight': 40}
_scaled;1;0.8375563166198972;0.8489947772568108;0.01;3;200;40;{'learning_rate': 0.01, 'max_depth': 3, 'n_estimators': 200, 'scale_pos_weight': 40}
_scaled;1;0.8375536971707006;0.9769215988992225;0.1;5;200;60;{'learning_rate': 0.1, 'max_depth': 5, 'n_estimators': 200, 'scale_pos_weight': 60}
_scaled;2;0.8375478068456044;0.9739161102701704;0.1;3;600;20;{'learning_rate': 0.1, 'max_depth': 3, 'n_estimators': 600, 'scale_pos_weight': 20}
_woe_scaled;3;0.8375045786849518;0.8503327207871708;0.01;3;200;20;{'learning_rate': 0.01, 'max_depth': 3, 'n_estimators': 200, 'scale_pos_weight': 20}
_scaled;4;0.8372312798664161;0.8502165229430855;0.01;3;200;40;{'learning_rate': 0.01, 'max_depth': 3, 'n_estimators': 200, 'scale_pos_weight': 40}
_scaled;3;0.8371199054414173;0.8498104800132719;0.01;3;200;20;{'learning_rate': 0.01, 'max_depth': 3, 'n_estimators': 200, 'scale_pos_weight': 20}
_scaled;1;0.8369744550889888;0.966819229564674;0.1;3;600;60;{'learning_rate': 0.1, 'max_depth': 3, 'n_estimators': 600, 'scale_pos_weight': 60}
_scaled;1;0.8369682525530788;0.8487878894688142;0.01;3;200;60;{'learning_rate': 0.01, 'max_depth': 3, 'n_estimators': 200, 'scale_pos_weight': 60}
_woe_scaled;1;0.8369020419763369;0.849438547357572;0.01;3;200;40;{'learning_rate': 0.01, 'max_depth': 3, 'n_estimators': 200, 'scale_pos_weight': 40}
_woe_scaled;1;0.8367890506614677;0.8489869342960596;0.01;3;200;60;{'learning_rate': 0.01, 'max_depth': 3, 'n_estimators': 200, 'scale_pos_weight': 60}
_woe_scaled;1;0.8365902034447223;0.9768079407164788;0.1;5;200;60;{'learning_rate': 0.1, 'max_depth': 5, 'n_estimators': 200, 'scale_pos_weight': 60}
_scaled;2;0.83652620171087;0.9733470455128282;0.1;3;600;40;{'learning_rate': 0.1, 'max_depth': 3, 'n_estimators': 600, 'scale_pos_weight': 40}
_scaled;3;0.8365084628666448;0.9831679766744518;0.1;3;600;20;{'learning_rate': 0.1, 'max_depth': 3, 'n_estimators': 600, 'scale_pos_weight': 20}
_woe_scaled;3;0.8364323607736668;0.9811800006308115;0.1;3;600;40;{'learning_rate': 0.1, 'max_depth': 3, 'n_estimators': 600, 'scale_pos_weight': 40}
_scaled;4;0.8364068934294162;0.8496035130117808;0.01;3;200;60;{'learning_rate': 0.01, 'max_depth': 3, 'n_estimators': 200, 'scale_pos_weight': 60}
_woe_scaled;4;0.8363393682581648;0.8505330120172858;0.01;3;200;40;{'learning_rate': 0.01, 'max_depth': 3, 'n_estimators': 200, 'scale_pos_weight': 40}
_woe_scaled;4;0.8361938070447716;0.8498439258302178;0.01;3;200;60;{'learning_rate': 0.01, 'max_depth': 3, 'n_estimators': 200, 'scale_pos_weight': 60}
_scaled;4;0.8359951833320501;0.8498180105273981;0.01;3;200;20;{'learning_rate': 0.01, 'max_depth': 3, 'n_estimators': 200, 'scale_pos_weight': 20}
_scaled;4;0.8358975531339767;0.9798512347924335;0.1;3;600;20;{'learning_rate': 0.1, 'max_depth': 3, 'n_estimators': 600, 'scale_pos_weight': 20}
_scaled;4;0.8358259308740947;0.9862016861051268;0.1;5;200;40;{'learning_rate': 0.1, 'max_depth': 5, 'n_estimators': 200, 'scale_pos_weight': 40}
_woe_scaled;1;0.8358206377649111;0.848442465878256;0.01;3;200;20;{'learning_rate': 0.01, 'max_depth': 3, 'n_estimators': 200, 'scale_pos_weight': 20}
_scaled;1;0.8358032204820626;0.8481621225935424;0.01;3;200;20;{'learning_rate': 0.01, 'max_depth': 3, 'n_estimators': 200, 'scale_pos_weight': 20}
_woe_scaled;4;0.835709593635755;0.8500877601401419;0.01;3;200;20;{'learning_rate': 0.01, 'max_depth': 3, 'n_estimators': 200, 'scale_pos_weight': 20}
_woe_scaled;2;0.8355151608248528;0.9731123703504468;0.1;3;600;40;{'learning_rate': 0.1, 'max_depth': 3, 'n_estimators': 600, 'scale_pos_weight': 40}
_woe_scaled;3;0.8354831078454109;0.9879196851785256;0.1;5;200;60;{'learning_rate': 0.1, 'max_depth': 5, 'n_estimators': 200, 'scale_pos_weight': 60}
_scaled;1;0.8352761915673599;0.9979964590432031;0.1;7;200;20;{'learning_rate': 0.1, 'max_depth': 7, 'n_estimators': 200, 'scale_pos_weight': 20}
_woe_scaled;3;0.8351794272266847;0.9884893846258792;0.1;5;200;40;{'learning_rate': 0.1, 'max_depth': 5, 'n_estimators': 200, 'scale_pos_weight': 40}
_scaled;4;0.8350384183048013;0.9867620161337983;0.1;5;200;60;{'learning_rate': 0.1, 'max_depth': 5, 'n_estimators': 200, 'scale_pos_weight': 60}
_woe_scaled;4;0.8349044109388504;0.9802797774719197;0.1;3;600;20;{'learning_rate': 0.1, 'max_depth': 3, 'n_estimators': 600, 'scale_pos_weight': 20}
_scaled;2;0.8347872317608336;0.9794107520821083;0.1;5;200;40;{'learning_rate': 0.1, 'max_depth': 5, 'n_estimators': 200, 'scale_pos_weight': 40}
_scaled;3;0.8347332942662218;0.9819040899583938;0.1;3;600;40;{'learning_rate': 0.1, 'max_depth': 3, 'n_estimators': 600, 'scale_pos_weight': 40}
_woe_scaled;4;0.8345976009677064;0.9862524750876126;0.1;5;200;40;{'learning_rate': 0.1, 'max_depth': 5, 'n_estimators': 200, 'scale_pos_weight': 40}
_woe_scaled;1;0.834575857562344;0.9981319854628891;0.1;7;200;20;{'learning_rate': 0.1, 'max_depth': 7, 'n_estimators': 200, 'scale_pos_weight': 20}
_woe_scaled;3;0.8344358836428707;0.9809365567895778;0.1;3;600;60;{'learning_rate': 0.1, 'max_depth': 3, 'n_estimators': 600, 'scale_pos_weight': 60}
_scaled;3;0.8339519803546973;0.9995396204407684;0.1;7;200;20;{'learning_rate': 0.1, 'max_depth': 7, 'n_estimators': 200, 'scale_pos_weight': 20}
_scaled;3;0.8339474115633144;0.9877211196113075;0.1;5;200;60;{'learning_rate': 0.1, 'max_depth': 5, 'n_estimators': 200, 'scale_pos_weight': 60}
_scaled;3;0.8338525405564695;0.9811081759700722;0.1;3;600;60;{'learning_rate': 0.1, 'max_depth': 3, 'n_estimators': 600, 'scale_pos_weight': 60}
_woe_scaled;2;0.8337317678050787;0.9727132247213905;0.1;3;600;60;{'learning_rate': 0.1, 'max_depth': 3, 'n_estimators': 600, 'scale_pos_weight': 60}
_scaled;2;0.8335607959976357;0.9733834644208103;0.1;3;600;60;{'learning_rate': 0.1, 'max_depth': 3, 'n_estimators': 600, 'scale_pos_weight': 60}
_woe_scaled;4;0.8329658831739696;0.9782847525414405;0.1;3;600;60;{'learning_rate': 0.1, 'max_depth': 3, 'n_estimators': 600, 'scale_pos_weight': 60}
_woe_scaled;4;0.8328677124487203;0.9864842749232975;0.1;5;200;60;{'learning_rate': 0.1, 'max_depth': 5, 'n_estimators': 200, 'scale_pos_weight': 60}
_scaled;4;0.8328062197318422;0.9792113699448514;0.1;3;600;40;{'learning_rate': 0.1, 'max_depth': 3, 'n_estimators': 600, 'scale_pos_weight': 40}
_woe_scaled;3;0.832566163724967;0.9996306772313609;0.1;7;200;20;{'learning_rate': 0.1, 'max_depth': 7, 'n_estimators': 200, 'scale_pos_weight': 20}
_scaled;2;0.8323079089640539;0.9805281198662444;0.1;5;200;60;{'learning_rate': 0.1, 'max_depth': 5, 'n_estimators': 200, 'scale_pos_weight': 60}
_woe_scaled;4;0.8319528383496887;0.9792393416252043;0.1;3;600;40;{'learning_rate': 0.1, 'max_depth': 3, 'n_estimators': 600, 'scale_pos_weight': 40}
_woe_scaled;2;0.8312172099272561;0.9799648857361897;0.1;5;200;60;{'learning_rate': 0.1, 'max_depth': 5, 'n_estimators': 200, 'scale_pos_weight': 60}
_scaled;1;0.8311121425415775;0.9958844159941084;0.1;5;400;20;{'learning_rate': 0.1, 'max_depth': 5, 'n_estimators': 400, 'scale_pos_weight': 20}
_scaled;4;0.8309555561210084;0.9790999767090293;0.1;3;600;60;{'learning_rate': 0.1, 'max_depth': 3, 'n_estimators': 600, 'scale_pos_weight': 60}
_woe_scaled;1;0.830710659461289;0.9961104892080151;0.1;5;400;20;{'learning_rate': 0.1, 'max_depth': 5, 'n_estimators': 400, 'scale_pos_weight': 20}
_scaled;4;0.830465240372468;0.9995325553530847;0.1;7;200;20;{'learning_rate': 0.1, 'max_depth': 7, 'n_estimators': 200, 'scale_pos_weight': 20}
_woe_scaled;3;0.8301219427966682;0.9989600802266395;0.1;5;400;20;{'learning_rate': 0.1, 'max_depth': 5, 'n_estimators': 400, 'scale_pos_weight': 20}
_woe_scaled;2;0.829545854412374;0.9983747312935556;0.1;7;200;20;{'learning_rate': 0.1, 'max_depth': 7, 'n_estimators': 200, 'scale_pos_weight': 20}
_scaled;1;0.8292165612579958;0.9981971827722886;0.1;7;200;40;{'learning_rate': 0.1, 'max_depth': 7, 'n_estimators': 200, 'scale_pos_weight': 40}
_scaled;2;0.8290432732093376;0.998408920425939;0.1;7;200;20;{'learning_rate': 0.1, 'max_depth': 7, 'n_estimators': 200, 'scale_pos_weight': 20}
_woe_scaled;1;0.829012511372823;0.9982155701352028;0.1;7;200;40;{'learning_rate': 0.1, 'max_depth': 7, 'n_estimators': 200, 'scale_pos_weight': 40}
_scaled;1;0.8285995730073165;0.9956086302017253;0.1;5;400;40;{'learning_rate': 0.1, 'max_depth': 5, 'n_estimators': 400, 'scale_pos_weight': 40}
_woe_scaled;1;0.828153326146133;0.9958576734899189;0.1;5;400;40;{'learning_rate': 0.1, 'max_depth': 5, 'n_estimators': 400, 'scale_pos_weight': 40}
_scaled;3;0.827965412381502;0.9994421376096922;0.1;7;200;40;{'learning_rate': 0.1, 'max_depth': 7, 'n_estimators': 200, 'scale_pos_weight': 40}
_woe_scaled;1;0.8279087330731675;0.9958908351711478;0.1;5;400;60;{'learning_rate': 0.1, 'max_depth': 5, 'n_estimators': 400, 'scale_pos_weight': 60}
_scaled;1;0.8278880383085346;0.9976773300282398;0.1;7;200;60;{'learning_rate': 0.1, 'max_depth': 7, 'n_estimators': 200, 'scale_pos_weight': 60}
_woe_scaled;3;0.8278783578343372;0.9995885261490459;0.1;7;200;40;{'learning_rate': 0.1, 'max_depth': 7, 'n_estimators': 200, 'scale_pos_weight': 40}
_woe_scaled;1;0.8277691227338227;0.9978618006510085;0.1;7;200;60;{'learning_rate': 0.1, 'max_depth': 7, 'n_estimators': 200, 'scale_pos_weight': 60}
_scaled;3;0.8277466224604152;0.9991421457108106;0.1;5;400;20;{'learning_rate': 0.1, 'max_depth': 5, 'n_estimators': 400, 'scale_pos_weight': 20}
_woe_scaled;4;0.8277023244039573;0.9988442187587198;0.1;5;400;20;{'learning_rate': 0.1, 'max_depth': 5, 'n_estimators': 400, 'scale_pos_weight': 20}
_scaled;2;0.8268277036161866;0.9970317404943062;0.1;5;400;20;{'learning_rate': 0.1, 'max_depth': 5, 'n_estimators': 400, 'scale_pos_weight': 20}
_scaled;4;0.8264981529717933;0.9987467458031407;0.1;5;400;20;{'learning_rate': 0.1, 'max_depth': 5, 'n_estimators': 400, 'scale_pos_weight': 20}
_woe_scaled;4;0.8264246678970073;0.9995511977652102;0.1;7;200;20;{'learning_rate': 0.1, 'max_depth': 7, 'n_estimators': 200, 'scale_pos_weight': 20}
_woe_scaled;4;0.8257990756005332;0.9993599508497827;0.1;7;200;40;{'learning_rate': 0.1, 'max_depth': 7, 'n_estimators': 200, 'scale_pos_weight': 40}
_scaled;3;0.825722447389356;0.9995296410597906;0.1;7;200;60;{'learning_rate': 0.1, 'max_depth': 7, 'n_estimators': 200, 'scale_pos_weight': 60}
_scaled;2;0.8255958614245585;0.9980930089641921;0.1;7;200;40;{'learning_rate': 0.1, 'max_depth': 7, 'n_estimators': 200, 'scale_pos_weight': 40}
_woe_scaled;2;0.8253963916274264;0.9970187115084846;0.1;5;400;20;{'learning_rate': 0.1, 'max_depth': 5, 'n_estimators': 400, 'scale_pos_weight': 20}
_scaled;1;0.8253523028356198;0.9956295715185943;0.1;5;400;60;{'learning_rate': 0.1, 'max_depth': 5, 'n_estimators': 400, 'scale_pos_weight': 60}
_scaled;3;0.8250396332323473;0.9989690534184508;0.1;5;400;40;{'learning_rate': 0.1, 'max_depth': 5, 'n_estimators': 400, 'scale_pos_weight': 40}
_woe_scaled;3;0.8249396786606558;0.9996110283535048;0.1;7;200;60;{'learning_rate': 0.1, 'max_depth': 7, 'n_estimators': 200, 'scale_pos_weight': 60}
_woe_scaled;2;0.8246850147102911;0.9985245017757828;0.1;7;200;40;{'learning_rate': 0.1, 'max_depth': 7, 'n_estimators': 200, 'scale_pos_weight': 40}
_scaled;1;0.8241716236591811;0.999154422487989;0.1;5;600;20;{'learning_rate': 0.1, 'max_depth': 5, 'n_estimators': 600, 'scale_pos_weight': 20}
_woe_scaled;3;0.8238960339949931;0.9999966373544211;0.1;7;400;20;{'learning_rate': 0.1, 'max_depth': 7, 'n_estimators': 400, 'scale_pos_weight': 20}
_scaled;3;0.8235582542331966;0.9999974916029407;0.1;7;400;20;{'learning_rate': 0.1, 'max_depth': 7, 'n_estimators': 400, 'scale_pos_weight': 20}
_woe_scaled;4;0.8233559136646813;0.9986796652169794;0.1;5;400;40;{'learning_rate': 0.1, 'max_depth': 5, 'n_estimators': 400, 'scale_pos_weight': 40}
_woe_scaled;3;0.8231592181061153;0.9998851648884419;0.1;5;600;20;{'learning_rate': 0.1, 'max_depth': 5, 'n_estimators': 600, 'scale_pos_weight': 20}
_woe_scaled;3;0.8230595280256403;0.9989868350690445;0.1;5;400;40;{'learning_rate': 0.1, 'max_depth': 5, 'n_estimators': 400, 'scale_pos_weight': 40}
_woe_scaled;3;0.8225671821018257;0.9989298197630038;0.1;5;400;60;{'learning_rate': 0.1, 'max_depth': 5, 'n_estimators': 400, 'scale_pos_weight': 60}
_woe_scaled;2;0.8222678094029557;0.996607066163515;0.1;5;400;40;{'learning_rate': 0.1, 'max_depth': 5, 'n_estimators': 400, 'scale_pos_weight': 40}
_scaled;3;0.822221019281179;0.9999194356553051;0.1;5;600;20;{'learning_rate': 0.1, 'max_depth': 5, 'n_estimators': 600, 'scale_pos_weight': 20}
_scaled;4;0.8220676307434187;0.9985100502190273;0.1;5;400;60;{'learning_rate': 0.1, 'max_depth': 5, 'n_estimators': 400, 'scale_pos_weight': 60}
_scaled;2;0.8220606584516178;0.9968546501048167;0.1;5;400;40;{'learning_rate': 0.1, 'max_depth': 5, 'n_estimators': 400, 'scale_pos_weight': 40}
_woe_scaled;1;0.8217804018436116;0.9990747496804361;0.1;5;600;40;{'learning_rate': 0.1, 'max_depth': 5, 'n_estimators': 600, 'scale_pos_weight': 40}
_woe_scaled;1;0.8217390908550388;0.9992188685201295;0.1;5;600;20;{'learning_rate': 0.1, 'max_depth': 5, 'n_estimators': 600, 'scale_pos_weight': 20}
_scaled;3;0.8216928947657611;0.9989212031754832;0.1;5;400;60;{'learning_rate': 0.1, 'max_depth': 5, 'n_estimators': 400, 'scale_pos_weight': 60}
_scaled;4;0.8215592290939546;0.9995317128631914;0.1;7;200;40;{'learning_rate': 0.1, 'max_depth': 7, 'n_estimators': 200, 'scale_pos_weight': 40}
_woe_scaled;1;0.8212174756500089;0.999952029674212;0.1;7;400;20;{'learning_rate': 0.1, 'max_depth': 7, 'n_estimators': 400, 'scale_pos_weight': 20}
_woe_scaled;4;0.821033699028496;0.9983209634632976;0.1;5;400;60;{'learning_rate': 0.1, 'max_depth': 5, 'n_estimators': 400, 'scale_pos_weight': 60}
_woe_scaled;2;0.821030904920056;0.998455316056614;0.1;7;200;60;{'learning_rate': 0.1, 'max_depth': 7, 'n_estimators': 200, 'scale_pos_weight': 60}
_scaled;4;0.8208489296678902;0.9986569037772476;0.1;5;400;40;{'learning_rate': 0.1, 'max_depth': 5, 'n_estimators': 400, 'scale_pos_weight': 40}
_scaled;4;0.8206779048900077;0.9994265620543152;0.1;7;200;60;{'learning_rate': 0.1, 'max_depth': 7, 'n_estimators': 200, 'scale_pos_weight': 60}
_scaled;1;0.8206098424729433;0.9999524572022124;0.1;7;400;20;{'learning_rate': 0.1, 'max_depth': 7, 'n_estimators': 400, 'scale_pos_weight': 20}
_scaled;1;0.82033502765458;0.9991672066948155;0.1;5;600;40;{'learning_rate': 0.1, 'max_depth': 5, 'n_estimators': 600, 'scale_pos_weight': 40}
_woe_scaled;4;0.8203298334935845;0.9994030661723974;0.1;7;200;60;{'learning_rate': 0.1, 'max_depth': 7, 'n_estimators': 200, 'scale_pos_weight': 60}
_woe_scaled;4;0.8203159513724652;0.9998525074078058;0.1;5;600;20;{'learning_rate': 0.1, 'max_depth': 5, 'n_estimators': 600, 'scale_pos_weight': 20}
_scaled;2;0.8202583769350821;0.9968812070150171;0.1;5;400;60;{'learning_rate': 0.1, 'max_depth': 5, 'n_estimators': 400, 'scale_pos_weight': 60}
_scaled;4;0.8190903916208543;0.9998704951263736;0.1;5;600;20;{'learning_rate': 0.1, 'max_depth': 5, 'n_estimators': 600, 'scale_pos_weight': 20}
_scaled;1;0.8190859674461637;0.9999395303727346;0.1;7;400;40;{'learning_rate': 0.1, 'max_depth': 7, 'n_estimators': 400, 'scale_pos_weight': 40}
_scaled;3;0.8190708113304519;0.9998823225643655;0.1;5;600;40;{'learning_rate': 0.1, 'max_depth': 5, 'n_estimators': 600, 'scale_pos_weight': 40}
_woe_scaled;1;0.8190213908746249;0.9989673440618395;0.1;5;600;60;{'learning_rate': 0.1, 'max_depth': 5, 'n_estimators': 600, 'scale_pos_weight': 60}
_scaled;2;0.8189442603510532;0.9981942079801204;0.1;7;200;60;{'learning_rate': 0.1, 'max_depth': 7, 'n_estimators': 200, 'scale_pos_weight': 60}
_woe_scaled;1;0.8183488992831438;0.9999421636821593;0.1;7;400;40;{'learning_rate': 0.1, 'max_depth': 7, 'n_estimators': 400, 'scale_pos_weight': 40}
_scaled;1;0.8177247110807557;0.9989215380135024;0.1;5;600;60;{'learning_rate': 0.1, 'max_depth': 5, 'n_estimators': 600, 'scale_pos_weight': 60}
_woe_scaled;3;0.8176731456164327;0.9998900128506141;0.1;5;600;60;{'learning_rate': 0.1, 'max_depth': 5, 'n_estimators': 600, 'scale_pos_weight': 60}
_scaled;2;0.817473594409598;0.9993994867389923;0.1;5;600;20;{'learning_rate': 0.1, 'max_depth': 5, 'n_estimators': 600, 'scale_pos_weight': 20}
_woe_scaled;2;0.8171340369828854;0.9994180795609369;0.1;5;600;20;{'learning_rate': 0.1, 'max_depth': 5, 'n_estimators': 600, 'scale_pos_weight': 20}
_woe_scaled;3;0.8170824672134448;0.9999997619928246;0.1;7;600;20;{'learning_rate': 0.1, 'max_depth': 7, 'n_estimators': 600, 'scale_pos_weight': 20}
_woe_scaled;4;0.816980664424486;0.9998219596342809;0.1;5;600;40;{'learning_rate': 0.1, 'max_depth': 5, 'n_estimators': 600, 'scale_pos_weight': 40}
_woe_scaled;3;0.8168374092547475;0.9998886219203204;0.1;5;600;40;{'learning_rate': 0.1, 'max_depth': 5, 'n_estimators': 600, 'scale_pos_weight': 40}
_woe_scaled;4;0.8167715063835461;0.9999965518014884;0.1;7;400;20;{'learning_rate': 0.1, 'max_depth': 7, 'n_estimators': 400, 'scale_pos_weight': 20}
_scaled;3;0.8167530192443969;0.9999998230203054;0.1;7;600;20;{'learning_rate': 0.1, 'max_depth': 7, 'n_estimators': 600, 'scale_pos_weight': 20}
_scaled;4;0.8163816860035136;0.9999953312293136;0.1;7;400;20;{'learning_rate': 0.1, 'max_depth': 7, 'n_estimators': 400, 'scale_pos_weight': 20}
_scaled;2;0.8160745350061068;0.999963927500857;0.1;7;400;20;{'learning_rate': 0.1, 'max_depth': 7, 'n_estimators': 400, 'scale_pos_weight': 20}
_woe_scaled;3;0.815931275542935;0.9999952208741661;0.1;7;400;40;{'learning_rate': 0.1, 'max_depth': 7, 'n_estimators': 400, 'scale_pos_weight': 40}
_woe_scaled;2;0.8156875327267501;0.9999565556876036;0.1;7;400;20;{'learning_rate': 0.1, 'max_depth': 7, 'n_estimators': 400, 'scale_pos_weight': 20}
_woe_scaled;1;0.8155876595536681;0.9999881211200697;0.1;7;600;20;{'learning_rate': 0.1, 'max_depth': 7, 'n_estimators': 600, 'scale_pos_weight': 20}
_scaled;3;0.8155497179706537;0.9998985674706121;0.1;5;600;60;{'learning_rate': 0.1, 'max_depth': 5, 'n_estimators': 600, 'scale_pos_weight': 60}
_woe_scaled;2;0.8154970009449574;0.9970226871818234;0.1;5;400;60;{'learning_rate': 0.1, 'max_depth': 5, 'n_estimators': 400, 'scale_pos_weight': 60}
_scaled;3;0.8150429456951853;0.9999955508477295;0.1;7;400;40;{'learning_rate': 0.1, 'max_depth': 7, 'n_estimators': 400, 'scale_pos_weight': 40}
_woe_scaled;4;0.8150420914720582;0.9997624969781339;0.1;5;600;60;{'learning_rate': 0.1, 'max_depth': 5, 'n_estimators': 600, 'scale_pos_weight': 60}
_woe_scaled;1;0.8150332526301912;0.999933792245382;0.1;7;400;60;{'learning_rate': 0.1, 'max_depth': 7, 'n_estimators': 400, 'scale_pos_weight': 60}
_woe_scaled;4;0.8143061116257443;0.9999924503055757;0.1;7;400;40;{'learning_rate': 0.1, 'max_depth': 7, 'n_estimators': 400, 'scale_pos_weight': 40}
_scaled;4;0.8142815305228772;0.9997696854995507;0.1;5;600;60;{'learning_rate': 0.1, 'max_depth': 5, 'n_estimators': 600, 'scale_pos_weight': 60}
_scaled;3;0.8140179156628339;0.9999951585449439;0.1;7;400;60;{'learning_rate': 0.1, 'max_depth': 7, 'n_estimators': 400, 'scale_pos_weight': 60}
_scaled;2;0.8138567470248544;0.9993835090362547;0.1;5;600;40;{'learning_rate': 0.1, 'max_depth': 5, 'n_estimators': 600, 'scale_pos_weight': 40}
_scaled;1;0.8137943144315569;0.9999245711126123;0.1;7;400;60;{'learning_rate': 0.1, 'max_depth': 7, 'n_estimators': 400, 'scale_pos_weight': 60}
_woe_scaled;3;0.8137886612205643;0.9999944280713445;0.1;7;400;60;{'learning_rate': 0.1, 'max_depth': 7, 'n_estimators': 400, 'scale_pos_weight': 60}
_scaled;4;0.8137270207346904;0.9998378882351054;0.1;5;600;40;{'learning_rate': 0.1, 'max_depth': 5, 'n_estimators': 600, 'scale_pos_weight': 40}
_scaled;1;0.8134619750230413;0.9999874010693107;0.1;7;600;20;{'learning_rate': 0.1, 'max_depth': 7, 'n_estimators': 600, 'scale_pos_weight': 20}
_scaled;1;0.8132134529490892;0.9999825634347435;0.1;7;600;40;{'learning_rate': 0.1, 'max_depth': 7, 'n_estimators': 600, 'scale_pos_weight': 40}
_woe_scaled;4;0.8131160438869266;0.9999933051004367;0.1;7;400;60;{'learning_rate': 0.1, 'max_depth': 7, 'n_estimators': 400, 'scale_pos_weight': 60}
_scaled;2;0.8127927503663055;0.9992993477104632;0.1;5;600;60;{'learning_rate': 0.1, 'max_depth': 5, 'n_estimators': 600, 'scale_pos_weight': 60}
_woe_scaled;4;0.8127646187763832;0.9999991761290081;0.1;7;600;20;{'learning_rate': 0.1, 'max_depth': 7, 'n_estimators': 600, 'scale_pos_weight': 20}
_woe_scaled;2;0.8123942963139155;0.9993166970343932;0.1;5;600;40;{'learning_rate': 0.1, 'max_depth': 5, 'n_estimators': 600, 'scale_pos_weight': 40}
_scaled;4;0.8116000835631704;0.9999996033213744;0.1;7;600;20;{'learning_rate': 0.1, 'max_depth': 7, 'n_estimators': 600, 'scale_pos_weight': 20}
_woe_scaled;1;0.8107710261244279;0.999982784735188;0.1;7;600;40;{'learning_rate': 0.1, 'max_depth': 7, 'n_estimators': 600, 'scale_pos_weight': 40}
_scaled;4;0.8104057172246297;0.9999946477514866;0.1;7;400;60;{'learning_rate': 0.1, 'max_depth': 7, 'n_estimators': 400, 'scale_pos_weight': 60}
_scaled;2;0.810399476634927;0.9999952512131022;0.1;7;600;20;{'learning_rate': 0.1, 'max_depth': 7, 'n_estimators': 600, 'scale_pos_weight': 20}
_scaled;4;0.8103978124315013;0.999995574079696;0.1;7;400;40;{'learning_rate': 0.1, 'max_depth': 7, 'n_estimators': 400, 'scale_pos_weight': 40}
_woe_scaled;3;0.8100812046153871;0.9999997741983208;0.1;7;600;40;{'learning_rate': 0.1, 'max_depth': 7, 'n_estimators': 600, 'scale_pos_weight': 40}
_woe_scaled;4;0.8095364170864615;0.999998834375115;0.1;7;600;40;{'learning_rate': 0.1, 'max_depth': 7, 'n_estimators': 600, 'scale_pos_weight': 40}
_scaled;2;0.8093761338620639;0.9999502582737358;0.1;7;400;40;{'learning_rate': 0.1, 'max_depth': 7, 'n_estimators': 400, 'scale_pos_weight': 40}
_woe_scaled;2;0.8093096396350263;0.9999541060272671;0.1;7;400;40;{'learning_rate': 0.1, 'max_depth': 7, 'n_estimators': 400, 'scale_pos_weight': 40}
_scaled;3;0.8092702002268729;0.9999994690609163;0.1;7;600;60;{'learning_rate': 0.1, 'max_depth': 7, 'n_estimators': 600, 'scale_pos_weight': 60}
_woe_scaled;4;0.8090052315428482;0.9999989686355731;0.1;7;600;60;{'learning_rate': 0.1, 'max_depth': 7, 'n_estimators': 600, 'scale_pos_weight': 60}
_scaled;3;0.8086608117360136;0.9999995544993895;0.1;7;600;40;{'learning_rate': 0.1, 'max_depth': 7, 'n_estimators': 600, 'scale_pos_weight': 40}
_woe_scaled;3;0.8086576631401694;0.9999993958279392;0.1;7;600;60;{'learning_rate': 0.1, 'max_depth': 7, 'n_estimators': 600, 'scale_pos_weight': 60}
_woe_scaled;2;0.8081147438058253;0.9999512378997356;0.1;7;400;60;{'learning_rate': 0.1, 'max_depth': 7, 'n_estimators': 400, 'scale_pos_weight': 60}
_woe_scaled;1;0.8080448825692176;0.999978412022438;0.1;7;600;60;{'learning_rate': 0.1, 'max_depth': 7, 'n_estimators': 600, 'scale_pos_weight': 60}
_scaled;1;0.8075143384248654;0.9999827247642353;0.1;7;600;60;{'learning_rate': 0.1, 'max_depth': 7, 'n_estimators': 600, 'scale_pos_weight': 60}
_scaled;4;0.8067591907961162;0.9999986268816802;0.1;7;600;60;{'learning_rate': 0.1, 'max_depth': 7, 'n_estimators': 600, 'scale_pos_weight': 60}
_woe_scaled;2;0.8064821560284915;0.9993493540322244;0.1;5;600;60;{'learning_rate': 0.1, 'max_depth': 5, 'n_estimators': 600, 'scale_pos_weight': 60}
_scaled;4;0.8064474836148618;0.999999237156489;0.1;7;600;40;{'learning_rate': 0.1, 'max_depth': 7, 'n_estimators': 600, 'scale_pos_weight': 40}
_woe_scaled;2;0.8063625444689241;0.9999940292353772;0.1;7;600;20;{'learning_rate': 0.1, 'max_depth': 7, 'n_estimators': 600, 'scale_pos_weight': 20}
_scaled;2;0.8052585625337876;0.9999467018648751;0.1;7;400;60;{'learning_rate': 0.1, 'max_depth': 7, 'n_estimators': 400, 'scale_pos_weight': 60}
_scaled;2;0.801885130952835;0.9999931624268129;0.1;7;600;40;{'learning_rate': 0.1, 'max_depth': 7, 'n_estimators': 600, 'scale_pos_weight': 40}
_woe_scaled;2;0.8012311665052521;0.9999918129378025;0.1;7;600;60;{'learning_rate': 0.1, 'max_depth': 7, 'n_estimators': 600, 'scale_pos_weight': 60}
_woe_scaled;2;0.8009773447585791;0.9999932719602795;0.1;7;600;40;{'learning_rate': 0.1, 'max_depth': 7, 'n_estimators': 600, 'scale_pos_weight': 40}
_scaled;2;0.7995032479050059;0.9999928210466594;0.1;7;600;60;{'learning_rate': 0.1, 'max_depth': 7, 'n_estimators': 600, 'scale_pos_weight': 60}
